{
    "timestamp": "2025-04-27 01:23:01",
    "lot_name": "PUC",
    "total_spots": 99,
    "empty_spots": 23,
    "spots_status": {
        "1": 0,
        "2": 0,
        "3": 0,
        "4": 0,
        "5": 0,
        "6": 0,
        "7": 1,
        "8": 1,
        "9": 1,
        "10": 1,
        "11": 1,
        "12": 1,
        "13": 0,
        "14": 1,
        "15": 1,
        "16": 1,
        "17": 0,
        "18": 0,
        "19": 0,
        "20": 1,
        "21": 0,
        "22": 1,
        "23": 0,
        "24": 0,
        "25": 0,
        "26": 0,
        "27": 0,
        "28": 0,
        "29": 0,
        "30": 0,
        "31": 0,
        "32": 0,
        "33": 1,
        "34": 1,
        "35": 0,
        "36": 0,
        "37": 0,
        "38": 1,
        "39": 0,
        "40": 1,
        "41": 0,
        "42": 0,
        "43": 0,
        "44": 0,
        "45": 0,
        "46": 0,
        "47": 0,
        "48": 0,
        "49": 0,
        "50": 0,
        "51": 0,
        "52": 0,
        "53": 0,
        "54": 0,
        "55": 0,
        "56": 0,
        "57": 0,
        "58": 0,
        "59": 0,
        "60": 0,
        "61": 0,
        "62": 0,
        "63": 0,
        "64": 0,
        "65": 0,
        "66": 0,
        "68": 0,
        "69": 0,
        "70": 1,
        "71": 0,
        "72": 0,
        "73": 0,
        "74": 0,
        "75": 0,
        "76": 0,
        "77": 1,
        "78": 0,
        "79": 0,
        "80": 0,
        "81": 0,
        "82": 0,
        "83": 0,
        "84": 0,
        "85": 0,
        "86": 0,
        "87": 0,
        "88": 0,
        "89": 0,
        "90": 0,
        "91": 0,
        "92": 0,
        "93": 0,
        "94": 1,
        "95": 1,
        "96": 1,
        "97": 1,
        "98": 1,
        "99": 1,
        "100": 0
    },
    "metrics": {
        "accuracy": 0.8686868686868687,
        "precision": 0.9130434782608695,
        "recall": 0.65625,
        "f1_score": 0.7636363636363634,
        "true_positives": 21,
        "true_negatives": 65,
        "false_positives": 2,
        "false_negatives": 11,
        "total": 99
    }
}