{
    "timestamp": "2025-04-27 01:32:42",
    "lot_name": "UFPR05",
    "total_spots": 40,
    "empty_spots": 13,
    "spots_status": {
        "1": 0,
        "2": 0,
        "3": 0,
        "4": 0,
        "5": 1,
        "6": 0,
        "7": 0,
        "8": 0,
        "9": 0,
        "10": 0,
        "11": 0,
        "12": 0,
        "13": 0,
        "14": 0,
        "15": 1,
        "16": 0,
        "17": 1,
        "18": 0,
        "19": 0,
        "20": 0,
        "21": 0,
        "22": 0,
        "23": 1,
        "24": 1,
        "25": 1,
        "26": 1,
        "27": 1,
        "28": 0,
        "29": 1,
        "30": 0,
        "31": 1,
        "32": 1,
        "33": 0,
        "34": 0,
        "35": 0,
        "36": 1,
        "37": 1,
        "38": 0,
        "39": 0,
        "40": 0
    },
    "metrics": {
        "accuracy": 0.95,
        "precision": 1.0,
        "recall": 0.8666666666666667,
        "f1_score": 0.9285714285714286,
        "true_positives": 13,
        "true_negatives": 25,
        "false_positives": 0,
        "false_negatives": 2,
        "total": 40
    }
}